id,gameId,teamId,championIdBan1,championIdBan2,championIdBan3,towerKills,baronKills,dominionVictoryScore,dragonKills,firstBaron,firstBlood,firstDragon,firstInhibitor,firstRiftHerald,firstTower,inhibitorKills,riftHeraldKills,vilemawKills,win
340144,340044,100,268,42,48,4,0,0,4,0,1,1,0,0,0,0,0,0,Fail
340151,340051,100,127,33,133,8,1,0,2,1,0,1,1,0,0,2,1,0,Win
340153,340053,100,268,245,203,3,0,0,3,0,1,1,0,0,0,0,1,0,Fail
340244,340044,200,127,133,25,8,0,0,0,0,0,0,1,1,1,1,2,0,Win
340251,340051,200,268,201,245,6,0,0,2,0,1,0,0,1,1,0,2,0,Fail
340253,340053,200,127,33,133,8,1,0,2,1,0,0,1,1,1,1,1,0,Win
390161,390061,100,202,421,143,10,1,0,2,1,0,0,1,1,1,2,1,0,Win
390168,390068,100,202,421,43,2,0,0,0,0,0,0,0,0,0,0,0,0,Fail
390172,390072,100,8,76,432,3,1,0,1,0,1,0,0,1,1,0,1,0,Fail
390176,390076,100,163,143,202,10,1,0,4,1,1,1,1,1,0,2,1,0,Win
390261,390061,200,43,39,15,3,0,0,1,0,1,1,0,0,0,0,0,0,Fail
390268,390068,200,8,76,432,11,1,0,4,1,1,1,1,1,1,3,1,0,Win
390272,390072,200,163,143,202,11,2,0,5,1,0,1,1,0,0,4,0,0,Win
390276,390076,200,8,76,432,2,0,0,0,0,0,0,0,0,1,0,0,0,Fail
1190208,1190108,100,117,114,238,11,3,0,5,1,1,0,1,1,0,5,1,0,Fail
1190226,1190126,100,21,117,41,10,1,0,4,0,0,1,1,1,1,4,1,0,Win
1190227,1190127,100,13,203,127,2,2,0,2,1,0,1,0,0,0,0,0,0,Fail
1190242,1190142,100,21,36,223,2,0,0,1,0,0,1,0,0,0,0,0,0,Fail
1190308,1190108,200,41,223,203,9,1,0,5,0,0,1,0,0,1,1,0,0,Win
1190326,1190126,200,203,13,36,3,1,0,1,1,1,0,0,0,0,0,0,0,Fail
1190327,1190127,200,48,223,41,11,1,0,4,0,1,0,1,1,1,7,2,0,Win
1190342,1190142,200,98,41,117,10,1,0,0,1,1,0,1,1,1,2,2,0,Win
1200171,1200071,100,223,13,203,6,0,0,2,0,0,1,1,0,1,1,0,0,Win
1200174,1200074,100,223,117,12,7,1,0,3,1,1,1,1,0,0,1,0,0,Win
1200192,1200092,100,21,223,48,8,2,0,1,1,0,0,0,0,0,1,0,0,Win
1200248,1200148,100,98,114,13,5,0,0,2,0,0,0,0,0,0,0,0,0,Fail
1200271,1200071,200,41,48,21,4,0,0,2,0,1,0,0,1,0,0,1,0,Fail
1200274,1200074,200,41,21,203,2,0,0,0,0,0,0,0,1,1,0,1,0,Fail
1200292,1200092,200,114,41,36,9,0,0,4,0,1,1,1,1,1,1,1,0,Fail
1200348,1200148,200,41,48,223,11,1,0,3,1,1,1,1,1,1,4,1,0,Win
1210145,1210045,100,4,114,429,2,0,0,0,0,0,0,0,0,0,0,0,0,Fail
1210172,1210072,100,18,238,114,2,0,0,0,0,1,0,0,1,0,0,1,0,Fail
1210224,1210124,100,13,114,201,8,1,0,2,0,1,0,1,1,0,3,1,0,Fail
1210245,1210045,200,238,41,7,10,1,0,4,1,1,1,1,1,1,2,2,0,Win
1210272,1210072,200,2,223,41,11,1,0,3,1,0,1,1,0,1,4,0,0,Win
1210324,1210124,200,429,223,41,11,2,0,5,1,0,1,0,0,1,2,0,0,Win
1210369,1210269,100,78,114,13,1,0,0,1,0,0,0,0,1,0,0,1,0,Fail
1210378,1210278,100,78,114,127,9,0,0,0,0,1,0,1,1,1,1,2,0,Win
1210435,1210335,100,114,429,223,9,2,0,3,1,1,1,0,1,0,1,2,0,Win
1210469,1210269,200,12,429,223,11,1,0,2,1,1,1,1,0,1,3,1,0,Win
1210478,1210278,200,12,41,13,0,0,0,0,0,0,0,0,0,0,0,0,0,Fail
1210535,1210335,200,238,7,41,7,0,0,3,0,0,0,1,0,1,1,0,0,Fail
1220134,1220034,100,238,7,127,9,1,0,2,0,1,1,1,0,1,2,0,0,Win
1220147,1220047,100,2,127,48,9,0,0,3,0,0,1,1,0,1,2,0,0,Win
1220189,1220089,100,238,7,223,3,0,0,0,0,0,0,0,0,1,0,0,0,Fail
1220190,1220090,100,13,117,127,5,0,0,2,0,0,0,0,0,1,0,0,0,Fail
1220199,1220099,100,429,78,223,10,1,0,5,1,1,1,1,1,0,1,1,0,Win
1220234,1220034,200,41,114,223,4,1,0,2,1,0,0,0,1,0,0,2,0,Fail
1220247,1220047,200,41,223,18,5,1,0,2,1,1,0,0,0,0,1,0,0,Fail
1220289,1220089,200,41,13,117,9,1,0,2,1,1,1,1,0,0,1,0,0,Win
1220290,1220090,200,41,223,78,9,1,0,4,1,1,1,1,1,0,2,1,0,Win
1220299,1220099,200,41,114,12,4,0,0,1,0,0,0,0,0,1,0,0,0,Fail
1220321,1220221,100,421,429,223,11,1,0,1,1,1,0,1,1,1,2,2,0,Win
1220332,1220232,100,42,238,13,5,0,0,1,0,0,0,0,0,0,0,0,0,Fail
1220360,1220260,100,7,238,78,6,1,0,3,1,0,0,0,1,0,0,1,0,Fail
1220389,1220289,100,117,12,41,11,1,0,3,0,0,0,1,1,0,3,2,0,Win
1220390,1220290,100,238,42,13,9,2,0,1,1,0,0,0,0,0,1,0,0,Win
1220421,1220221,200,114,78,41,3,0,0,2,0,0,1,0,0,0,0,0,0,Fail
1220432,1220232,200,41,114,78,7,1,0,5,1,1,1,1,0,1,1,0,0,Win
1220460,1220260,200,41,114,223,9,1,0,2,0,1,1,1,0,1,1,1,0,Win
1220489,1220289,200,114,223,78,2,1,0,2,1,1,1,0,0,1,0,0,0,Fail
1220490,1220290,200,41,12,223,9,1,0,4,0,1,1,1,1,1,3,2,0,Fail
1230366,1230266,100,42,114,127,11,1,0,5,1,1,1,1,1,0,3,2,0,Win
1230379,1230279,100,51,7,429,4,0,0,0,0,0,0,0,0,0,0,0,0,Fail
1230446,1230346,100,412,42,12,1,0,0,1,0,0,1,0,0,1,0,0,0,Fail
1230447,1230347,100,238,78,42,11,3,0,3,1,1,1,1,1,1,3,1,0,Win
1230466,1230266,200,13,41,429,6,0,0,2,0,0,0,0,0,1,0,0,0,Fail
1230479,1230279,200,114,41,42,9,2,0,5,1,1,1,1,1,1,2,2,0,Win
1230546,1230346,200,238,78,13,10,0,0,2,0,1,0,1,0,0,1,0,0,Win
1230547,1230347,200,12,412,41,7,0,0,2,0,0,0,0,0,0,1,0,0,Fail
1240372,1240272,100,12,78,42,11,1,0,5,1,0,1,1,0,0,3,0,0,Win
1240375,1240275,100,421,24,13,1,0,0,0,0,0,0,0,0,1,0,0,0,Fail
1240388,1240288,100,238,117,429,6,3,0,2,1,0,0,0,1,1,0,1,0,Fail
1240391,1240291,100,78,76,41,10,1,0,4,1,0,1,1,0,1,2,1,0,Win
1240472,1240272,200,41,429,13,3,0,0,0,0,1,0,0,1,1,0,1,0,Fail
1240475,1240275,200,78,114,429,11,0,0,2,0,1,1,1,0,0,4,0,0,Win
1240488,1240288,200,41,78,76,10,1,0,5,0,1,1,1,0,0,4,0,0,Win
1240491,1240291,200,238,117,429,4,0,0,1,0,1,0,0,1,0,0,1,0,Fail
1250171,1250071,100,429,42,4,3,0,0,2,0,0,0,0,0,0,0,0,0,Fail
1250187,1250087,100,42,12,79,11,0,0,2,0,0,1,1,1,0,3,1,0,Win
1250218,1250118,100,7,238,117,11,1,0,2,1,0,0,1,0,1,3,0,0,Win
1250226,1250126,100,117,76,4,9,0,0,3,0,0,0,1,0,0,3,0,0,Win
1250229,1250129,100,238,7,127,9,1,0,2,1,1,0,1,0,0,1,0,0,Win
1250271,1250071,200,79,12,98,10,1,0,2,1,1,1,1,1,1,2,1,0,Win
1250287,1250087,200,96,429,41,4,0,0,1,0,1,0,0,0,1,0,1,0,Fail
1250318,1250118,200,12,78,41,1,0,0,3,0,1,1,0,1,0,0,1,0,Fail
1250322,1250222,100,117,432,96,9,0,0,4,0,0,0,1,0,1,1,0,0,Win
1250326,1250126,200,238,96,79,8,2,0,3,1,1,1,0,1,1,1,1,0,Fail
1250329,1250129,200,117,96,76,3,0,0,1,0,0,1,0,1,1,0,1,0,Fail
1250356,1250256,100,238,429,114,11,1,0,4,1,0,1,1,0,0,4,0,0,Win
1250391,1250291,100,12,238,60,11,1,0,5,1,1,0,1,0,0,5,0,0,Win
1250406,1250306,100,117,12,127,11,0,0,2,0,0,1,1,1,1,4,1,0,Win
1250407,1250307,100,133,7,238,2,2,0,2,0,0,1,0,0,0,0,0,0,Fail
1250422,1250222,200,60,429,238,2,0,0,1,0,1,1,0,1,0,0,1,0,Fail
1250426,1250326,100,12,79,96,9,0,0,3,0,1,0,1,1,0,1,1,0,Fail
1250436,1250336,100,238,78,133,7,0,0,4,0,1,0,0,1,1,0,1,0,Fail
1250456,1250256,200,96,12,26,4,0,0,1,0,1,0,0,1,1,0,1,0,Fail
1250491,1250291,200,26,117,42,3,1,0,1,0,0,1,0,0,1,0,0,0,Fail
1250506,1250306,200,25,96,238,0,0,0,1,0,1,0,0,0,0,0,0,0,Fail
1250507,1250307,200,117,12,96,11,2,0,5,1,1,0,1,1,1,5,1,0,Win
1250526,1250326,200,7,238,421,8,3,0,2,1,0,1,0,0,1,1,1,0,Win
1250536,1250336,200,26,96,79,8,2,0,2,1,0,1,1,0,0,1,0,0,Win
1260192,1260092,100,79,12,98,5,1,0,4,1,0,1,0,0,1,0,0,0,Fail
1260210,1260110,100,238,7,429,10,1,0,4,1,1,0,1,1,1,3,2,0,Win
1260231,1260131,100,12,78,203,6,0,0,2,0,1,0,0,0,1,0,0,0,Fail
1260292,1260092,200,429,42,238,11,0,0,2,0,1,0,1,0,0,3,0,0,Win
1260310,1260110,200,42,96,117,6,2,0,2,0,0,1,0,0,0,1,0,0,Fail
1260331,1260131,200,7,96,238,11,2,0,5,1,0,1,1,1,0,3,1,0,Win
1260337,1260237,100,429,60,41,11,1,0,3,1,1,0,1,1,0,6,1,0,Win
1260353,1260253,100,117,26,42,11,0,0,1,0,1,0,1,0,1,3,0,0,Win
1260354,1260254,100,238,133,127,1,0,0,0,0,1,0,0,1,0,0,1,0,Fail
1260392,1260292,100,26,12,429,9,1,0,2,1,1,0,0,1,1,1,1,0,Win
1260403,1260303,100,54,133,429,10,1,0,2,0,1,1,1,1,1,4,1,0,Fail
1260408,1260308,100,117,114,96,1,0,0,0,0,1,0,0,0,0,0,0,0,Fail
1260432,1260332,100,117,127,79,11,0,0,1,0,1,0,1,0,1,3,0,0,Win
1260437,1260237,200,117,238,432,5,1,0,4,0,0,1,0,0,1,0,0,0,Fail
1260453,1260253,200,79,96,133,3,0,0,2,0,0,1,0,1,0,0,1,0,Fail
1260454,1260254,200,117,26,79,11,0,0,2,0,0,1,1,0,1,4,0,0,Win
1260461,1260361,100,7,238,236,4,0,0,3,0,0,1,0,0,1,0,0,0,Fail
1260478,1260378,100,26,76,79,5,0,0,1,0,1,1,0,1,0,0,1,0,Fail
1260492,1260292,200,238,96,127,8,1,0,3,0,0,1,1,0,0,2,0,0,Fail
1260503,1260303,200,96,117,79,9,1,0,4,1,0,0,0,0,0,1,0,0,Win
1260508,1260308,200,133,238,76,11,1,0,4,1,0,1,1,1,1,3,1,0,Win
1260532,1260332,200,12,238,429,5,0,0,2,0,0,1,0,0,0,0,0,0,Fail
1260561,1260361,200,79,12,117,10,0,0,1,0,1,0,1,1,0,1,2,0,Win
1260578,1260378,200,238,133,96,9,0,0,4,0,0,0,1,0,1,1,0,0,Win
1270231,1270131,100,12,117,127,8,0,0,3,0,0,0,1,0,0,1,0,0,Win
1270235,1270135,100,117,12,201,7,1,0,3,1,1,0,1,0,0,1,1,0,Win
1270278,1270178,100,26,99,201,9,1,0,3,1,0,1,1,0,0,2,0,0,Win
1270286,1270186,100,26,99,201,11,2,0,2,1,1,1,1,1,0,3,1,0,Win
1270299,1270199,100,238,33,127,11,1,0,6,1,0,1,0,0,1,4,0,0,Win
1270331,1270131,200,111,42,133,5,0,0,2,0,1,1,0,1,1,0,1,0,Fail
1270335,1270135,200,111,79,42,5,0,0,2,0,0,1,0,1,1,0,1,0,Fail
1270378,1270178,200,33,127,42,3,1,0,2,0,1,0,0,0,1,0,0,0,Fail
1270386,1270186,200,33,238,114,3,0,0,2,0,0,0,0,0,1,0,0,0,Fail
1270399,1270199,200,117,201,429,6,0,0,0,0,1,0,1,1,0,1,2,0,Fail
1280216,1280116,100,7,117,127,4,0,0,1,0,1,0,0,0,0,0,0,0,Fail
1280218,1280118,100,201,117,26,7,0,0,4,0,1,0,1,1,0,1,1,0,Fail
1280219,1280119,100,7,117,33,9,2,0,5,1,1,0,1,1,1,1,2,0,Win
1280228,1280128,100,99,201,78,5,0,0,1,0,0,0,0,1,0,0,2,0,Fail
1280246,1280146,100,33,238,127,8,1,0,4,1,1,1,1,1,1,1,1,0,Win
1280316,1280116,200,201,79,429,9,1,0,3,1,0,1,1,1,1,1,2,0,Win
1280318,1280118,200,7,127,429,10,3,0,3,1,0,1,0,0,1,3,0,0,Win
1280319,1280119,200,201,79,429,2,0,0,1,0,0,1,0,0,0,0,0,0,Fail
1280328,1280128,200,33,42,127,9,1,0,4,1,1,1,1,0,1,1,0,0,Win
1280346,1280146,200,78,117,201,3,0,0,0,0,0,0,0,0,0,0,0,0,Fail
1290125,1290025,100,42,76,201,11,0,0,2,0,1,0,1,0,1,4,2,0,Win
1290126,1290026,100,238,133,429,0,0,0,0,0,0,0,0,0,0,0,0,0,Fail
1290225,1290025,200,429,133,238,2,0,0,1,0,0,1,0,1,0,0,1,0,Fail
1290226,1290026,200,42,117,127,11,1,0,3,1,1,1,1,1,1,3,2,0,Win
1300125,1300025,100,42,76,201,11,0,0,3,0,1,0,1,0,0,3,1,0,Win
1300134,1300034,100,127,114,79,11,2,0,2,1,1,0,1,1,0,4,1,0,Win
1300135,1300035,100,238,12,429,10,2,0,5,0,0,0,1,1,0,2,1,0,Win
1300136,1300036,100,127,114,79,10,0,0,2,0,1,0,1,1,1,3,1,0,Win
1300137,1300037,100,238,12,429,4,0,0,4,0,1,1,0,0,0,0,1,0,Fail
1300225,1300025,200,133,429,238,2,0,0,1,0,0,1,0,1,1,0,1,0,Fail
1300234,1300034,200,76,12,429,3,0,0,3,0,0,1,0,0,1,0,1,0,Fail
1300235,1300035,200,127,114,79,7,1,0,1,1,1,1,0,0,1,0,1,0,Fail
1300236,1300036,200,12,429,201,3,1,0,2,1,0,1,0,0,0,0,0,0,Fail
1300237,1300037,200,127,114,79,8,1,0,1,1,0,0,1,1,1,1,1,0,Win
1370290,1370190,100,51,26,268,11,1,0,2,1,1,1,1,1,1,3,2,0,Win
1370304,1370204,100,203,48,12,9,2,0,4,1,1,1,1,0,1,2,1,0,Win
1370315,1370215,100,76,268,15,9,1,0,3,1,1,0,1,1,1,1,2,0,Win
1370320,1370220,100,48,26,236,8,1,0,1,1,0,0,1,0,0,1,0,0,Win
1370390,1370190,200,203,201,12,1,0,0,1,0,0,0,0,0,0,0,0,0,Fail
1370404,1370204,200,51,26,57,3,0,0,1,0,0,0,0,1,0,0,1,0,Fail
1370415,1370215,200,48,13,12,2,0,0,2,0,0,1,0,0,0,0,1,0,Fail
1370420,1370220,200,12,76,15,3,0,0,4,0,1,1,0,1,1,0,1,0,Fail
1380176,1380076,100,203,48,245,8,1,0,3,1,1,1,1,0,1,1,0,0,Win
1380180,1380080,100,12,268,76,8,1,0,2,1,1,0,1,1,1,1,2,0,Win
1380203,1380103,100,57,15,16,3,0,0,0,0,1,0,0,0,0,0,1,0,Fail
1380207,1380107,100,201,51,13,11,0,0,1,0,1,0,1,1,1,3,2,0,Win
1380249,1380149,100,60,48,34,2,0,0,0,0,0,0,0,0,1,0,0,0,Fail
1380253,1380153,100,13,76,12,8,2,0,6,0,0,0,0,1,1,3,2,0,Win
1380265,1380165,100,268,15,51,6,0,0,2,0,0,0,0,0,1,0,0,0,Fail
1380269,1380169,100,76,236,13,3,0,0,2,0,0,0,0,0,1,0,0,0,Fail
1380276,1380076,200,12,15,76,3,0,0,1,0,0,0,0,1,0,0,2,0,Fail
1380280,1380080,200,203,48,245,0,0,0,1,0,0,1,0,0,0,0,0,0,Fail
1380303,1380103,200,12,51,13,9,0,0,4,0,0,1,1,1,1,1,1,0,Win
1380307,1380107,200,245,15,48,0,0,0,1,0,0,1,0,0,0,0,0,0,Fail
1380320,1380220,100,26,48,76,9,1,0,3,1,1,1,1,0,0,1,0,0,Win
1380322,1380222,100,268,15,57,7,1,0,3,1,1,0,1,1,1,1,2,0,Fail
1380334,1380234,100,236,76,432,9,1,0,1,1,1,0,1,1,1,1,2,0,Win
1380338,1380238,100,26,110,48,3,0,0,1,0,0,0,0,0,0,0,0,0,Fail
1380349,1380149,200,76,12,13,10,1,0,3,1,1,1,1,0,0,2,0,0,Win
1380353,1380153,200,432,57,48,9,2,0,2,1,1,1,1,0,0,3,0,0,Fail
1380365,1380165,200,76,12,48,9,1,0,2,1,1,1,1,1,0,1,1,0,Win
1380369,1380169,200,268,12,15,10,3,0,4,1,1,1,1,1,0,2,3,0,Win
1380420,1380220,200,268,57,12,4,0,0,1,0,0,0,0,0,1,0,0,0,Fail
1380422,1380222,200,26,48,12,10,1,0,3,0,0,1,0,0,0,3,0,0,Win
1380434,1380234,200,26,12,48,8,0,0,4,0,0,1,0,0,0,1,0,0,Fail
1380438,1380238,200,12,76,432,7,1,0,2,1,1,1,1,1,1,1,1,0,Win
1390120,1390020,100,245,48,13,2,0,0,0,0,0,0,0,0,0,0,0,0,Fail
1390125,1390025,100,12,76,236,7,2,0,4,1,1,1,1,0,0,1,0,0,Fail
1390144,1390044,100,51,48,60,11,1,0,4,1,1,0,1,0,1,3,0,0,Win
1390147,1390047,100,268,203,13,4,1,0,0,1,0,0,0,0,1,0,0,0,Fail
1390171,1390071,100,236,105,48,2,0,0,1,0,0,0,0,0,0,0,0,0,Fail
1390176,1390076,100,60,203,13,10,1,0,2,1,0,0,1,1,1,2,1,0,Win
1390220,1390020,200,12,76,114,11,2,0,5,1,1,1,1,1,1,6,1,0,Win
1390225,1390025,200,13,203,48,7,1,0,1,0,0,0,0,0,1,1,0,0,Win
1390244,1390044,200,236,203,13,2,0,0,1,0,0,1,0,0,0,0,0,0,Fail
1390247,1390047,200,51,236,76,9,1,0,4,0,1,1,1,1,0,1,1,0,Win
1390271,1390071,200,60,203,13,9,2,0,3,1,1,1,1,1,1,1,1,0,Win
1390276,1390076,200,236,48,110,3,0,0,2,0,1,1,0,0,0,0,0,0,Fail
1390337,1390237,100,8,48,13,7,1,0,2,0,0,1,0,0,0,0,0,0,Fail
1390345,1390245,100,268,7,13,10,2,0,1,1,0,0,0,0,1,2,0,0,Win
1390358,1390258,100,268,76,13,2,0,0,1,0,0,0,0,0,1,0,0,0,Fail
1390360,1390260,100,203,8,50,9,0,0,3,0,1,0,1,0,1,1,0,0,Win
1390437,1390237,200,268,203,238,11,2,0,3,1,1,0,1,0,1,3,0,0,Win
1390445,1390245,200,8,203,26,9,1,0,5,0,1,1,1,0,0,3,0,0,Fail
1390458,1390258,200,203,8,57,11,3,0,4,1,1,1,1,0,0,3,0,0,Win
1390460,1390260,200,13,268,76,3,0,0,1,0,0,1,0,0,0,0,0,0,Fail
1400166,1400066,100,13,48,245,5,0,0,1,0,1,0,0,1,1,0,1,0,Fail
1400175,1400075,100,26,203,48,11,2,0,4,1,0,1,1,1,1,3,1,0,Win
1400266,1400066,200,26,203,236,11,2,0,5,1,0,1,1,0,0,4,0,0,Win
1400275,1400075,200,13,236,245,3,0,0,0,0,1,0,0,0,0,0,0,0,Fail
1400315,1400215,100,90,114,50,10,2,0,4,1,1,1,1,0,0,4,0,0,Fail
1400318,1400218,100,16,8,203,1,0,0,0,0,0,0,0,0,1,0,0,0,Fail
1400331,1400231,100,60,51,432,11,1,0,3,1,1,1,1,1,1,3,1,0,Win
1400334,1400234,100,44,50,57,2,0,0,2,0,1,1,0,1,0,0,1,0,Fail
1400415,1400215,200,57,203,13,7,0,0,1,0,0,0,0,1,1,1,1,0,Win
1400418,1400218,200,114,90,13,11,2,0,5,1,1,1,1,1,0,3,1,0,Win
1400431,1400231,200,13,44,203,0,0,0,0,0,0,0,0,0,0,0,0,0,Fail
1400434,1400234,200,60,203,13,11,1,0,3,1,0,0,1,0,1,3,0,0,Win
1410151,1410051,100,26,201,50,7,1,0,3,1,0,1,1,1,1,2,1,0,Fail
1410159,1410059,100,432,76,421,2,0,0,0,0,0,0,0,0,1,0,0,0,Fail
1410164,1410064,100,105,203,34,10,1,0,4,1,1,1,1,0,0,2,0,0,Win
1410168,1410068,100,76,39,203,4,0,0,1,0,0,0,0,1,0,0,1,0,Fail
1410251,1410051,200,432,421,76,10,1,0,2,0,1,0,0,0,0,3,0,0,Win
1410259,1410059,200,26,50,8,9,1,0,3,1,1,1,1,1,0,2,1,0,Win
1410264,1410064,200,76,8,60,2,0,0,1,0,0,0,0,0,1,0,0,0,Fail
1410268,1410068,200,105,34,79,11,2,0,3,1,1,1,1,0,1,3,0,0,Win
1410377,1410277,100,60,13,114,3,0,0,0,0,1,0,0,0,0,0,0,0,Fail
1410379,1410279,100,50,79,15,3,0,0,2,0,0,1,0,0,0,0,0,0,Fail
1410388,1410288,100,39,34,201,7,1,0,3,1,1,1,0,0,0,0,0,0,Fail
1410392,1410292,100,15,48,8,10,2,0,4,1,0,0,1,0,1,1,0,0,Win
1410477,1410277,200,79,8,50,10,1,0,3,1,0,1,1,0,1,2,0,0,Win
1410479,1410279,200,13,201,8,10,2,0,3,1,1,0,1,1,1,2,1,0,Win
1410488,1410288,200,15,8,48,10,0,0,1,0,0,0,1,0,1,2,0,0,Win
1410492,1410292,200,39,201,50,5,0,0,1,0,1,1,0,1,0,0,1,0,Fail
1420188,1420088,100,432,201,8,9,1,0,2,1,1,1,1,0,1,1,0,0,Win
1420189,1420089,100,15,203,50,2,0,0,0,0,0,0,0,0,0,0,0,0,Fail
1420208,1420108,100,34,43,8,11,1,0,3,1,1,0,1,0,1,3,0,0,Win
1420214,1420114,100,44,202,13,8,2,0,5,1,0,0,1,0,0,3,0,0,Win
1420288,1420088,200,15,203,50,4,0,0,1,0,0,0,0,1,0,0,1,0,Fail
1420289,1420089,200,201,39,432,10,1,0,4,1,1,1,1,1,1,2,1,0,Win
1420294,1420194,100,8,34,143,3,0,0,1,0,0,0,0,0,0,0,0,0,Fail
1420302,1420202,100,420,29,201,4,0,0,1,0,1,0,0,1,1,0,1,0,Fail
1420308,1420108,200,13,44,50,2,0,0,2,0,0,1,0,1,0,0,1,0,Fail
1420314,1420114,200,8,421,50,4,0,0,1,0,1,1,0,1,1,0,1,0,Fail
1420316,1420216,100,105,203,34,11,1,0,4,1,1,1,1,1,1,2,1,0,Win
1420319,1420219,100,48,50,8,7,2,0,2,0,0,0,0,1,0,1,1,0,Fail
1420338,1420238,100,79,15,8,10,1,0,4,1,1,0,1,1,1,3,1,0,Win
1420348,1420248,100,39,98,34,5,2,0,2,0,0,0,0,0,0,1,0,0,Fail
1420363,1420263,100,44,50,8,11,2,0,2,1,1,0,1,0,1,5,0,0,Win
1420365,1420265,100,114,39,13,11,1,0,2,1,1,1,1,0,1,2,0,0,Win
1420386,1420286,100,39,50,268,2,0,0,1,0,0,0,0,0,0,0,0,0,Fail
1420393,1420293,100,34,8,143,10,2,0,3,1,0,0,0,0,1,3,0,0,Win
1420394,1420194,200,29,420,50,11,3,0,3,1,1,1,1,1,1,5,1,0,Win
1420402,1420202,200,8,34,143,10,2,0,5,1,0,1,1,0,0,2,0,0,Win
1420406,1420306,100,60,201,76,10,1,0,5,1,1,0,1,1,0,2,1,0,Win
1420411,1420311,100,203,34,29,10,1,0,4,1,1,1,1,0,1,1,0,0,Win
1420416,1420216,200,39,50,8,2,0,0,0,0,0,0,0,0,0,0,0,0,Fail
1420419,1420219,200,105,34,203,9,1,0,4,1,1,1,1,0,1,2,0,0,Win
1420438,1420238,200,39,34,48,1,0,0,1,0,0,1,0,0,0,0,0,0,Fail
1420448,1420248,200,79,15,8,10,1,0,3,1,1,1,1,1,1,3,1,0,Win
1420463,1420263,200,114,22,201,2,0,0,2,0,0,1,0,0,0,0,0,0,Fail
1420465,1420265,200,44,50,201,2,0,0,1,0,0,0,0,1,0,0,1,0,Fail
1420486,1420286,200,34,8,143,10,1,0,3,1,1,1,1,1,1,2,1,0,Win
1420493,1420293,200,50,201,39,7,2,0,3,0,1,1,1,0,0,1,0,0,Fail
1420506,1420306,200,50,203,29,2,0,0,1,0,0,1,0,0,1,0,0,0,Fail
1420511,1420311,200,60,76,432,1,0,0,0,0,0,0,0,0,0,0,0,0,Fail
1430122,1430022,100,26,8,50,10,1,0,5,1,0,1,1,1,0,2,1,0,Win
1430124,1430024,100,26,8,50,10,2,0,6,1,1,0,1,0,1,5,0,0,Win
1430222,1430022,200,268,39,201,3,0,0,1,0,1,0,0,0,1,0,0,0,Fail
1430224,1430024,200,268,201,39,7,1,0,1,0,0,1,0,0,0,0,0,0,Fail
1440157,1440057,100,26,201,8,3,0,0,1,0,0,1,0,1,1,0,1,0,Fail
1440160,1440060,100,26,432,8,9,1,0,4,0,1,0,1,0,0,2,0,0,Win
1440162,1440062,100,26,432,8,3,0,0,0,0,1,0,0,0,0,0,0,0,Fail
1440163,1440063,100,15,48,13,9,1,0,4,1,1,1,1,0,1,1,0,0,Win
1440181,1440081,100,15,48,432,11,1,0,4,1,0,1,1,0,0,3,0,0,Win
1440183,1440083,100,15,48,432,10,1,0,3,1,0,0,1,1,0,2,1,0,Win
1440185,1440085,100,60,39,50,8,0,0,4,0,0,0,0,0,0,2,0,0,Win
1440186,1440086,100,39,60,50,10,1,0,1,1,0,0,1,1,1,3,1,0,Win
1440187,1440087,100,15,43,202,11,2,0,3,1,1,1,1,1,1,4,1,0,Win
1440257,1440057,200,15,48,50,9,1,0,3,1,1,0,1,0,0,1,0,0,Win
1440260,1440060,200,15,48,50,5,1,0,1,1,0,1,0,0,1,0,0,0,Fail
1440262,1440062,200,15,48,13,10,1,0,3,1,0,1,1,1,1,1,1,0,Win
1440263,1440063,200,26,432,268,1,0,0,0,0,0,0,0,1,0,0,1,0,Fail
1440281,1440081,200,4,60,8,2,0,0,1,0,1,0,0,0,1,0,0,0,Fail
1440283,1440083,200,4,60,201,1,0,0,1,0,1,1,0,0,1,0,0,0,Fail
1440285,1440085,200,15,432,8,7,1,0,2,1,1,1,1,1,1,1,1,0,Fail
1440286,1440086,200,15,8,432,3,0,0,4,0,1,1,0,0,0,0,0,0,Fail
1440287,1440087,200,39,50,8,1,0,0,0,0,0,0,0,0,0,0,0,0,Fail
1450390,1450290,100,98,7,268,3,0,0,2,0,0,1,0,0,1,0,0,0,Fail
1450395,1450295,100,236,201,39,4,0,0,3,0,1,1,0,0,0,0,0,0,Fail
1450400,1450300,100,412,7,15,3,0,0,1,0,0,0,0,0,0,0,0,0,Fail
1450413,1450313,100,90,202,7,8,1,0,2,1,0,0,1,0,1,2,0,0,Fail
1450490,1450290,200,236,201,8,11,1,0,2,1,1,0,1,0,0,3,0,0,Win
1450495,1450295,200,8,7,15,10,1,0,1,1,0,0,1,0,1,2,0,0,Win
1450500,1450300,200,236,76,8,11,2,0,3,1,1,1,1,0,1,3,0,0,Win
1450513,1450313,200,236,76,8,10,1,0,3,0,1,1,0,0,0,3,0,0,Win
1460293,1460193,100,41,8,163,2,0,0,0,0,0,0,0,0,0,0,0,0,Fail
1460298,1460198,100,60,432,236,10,1,0,1,1,1,1,1,1,1,2,1,0,Win
1460302,1460202,100,60,432,236,4,0,0,2,0,0,0,0,1,1,0,1,0,Fail
1460312,1460212,100,60,432,53,11,1,0,1,1,1,0,1,1,1,3,1,0,Win
1460393,1460193,200,60,432,236,10,1,0,2,1,1,1,1,1,1,1,1,0,Win
1460398,1460198,200,41,8,202,1,0,0,1,0,0,0,0,0,0,0,0,0,Fail
1460402,1460202,200,41,8,39,7,1,0,1,1,1,1,1,0,0,1,0,0,Win
1460412,1460212,200,41,8,39,2,0,0,1,0,0,1,0,0,0,0,0,0,Fail
